{"cameraMode":{"drawMode":0,"name":"Shaded","section":"Shading Mode"},"sceneLighting":false,"audioPlay":false,"sceneViewState":{"showFog":false,"showMaterialUpdate":false,"showSkybox":false,"showFlares":false,"showImageEffects":false,"showParticleSystems":false},"in2DMode":false,"pivot":{"x":473.55157470703127,"y":168.6182861328125,"z":126.49365234375},"rotation":{"x":0.14622923731803895,"y":0.02719583362340927,"z":-0.004021118860691786,"w":0.9888687133789063},"size":4566.92724609375,"orthographic":false}