{"cameraMode":{"drawMode":0,"name":"Shaded","section":"Shading Mode"},"sceneLighting":false,"audioPlay":false,"sceneViewState":{"showFog":false,"showMaterialUpdate":false,"showSkybox":false,"showFlares":false,"showImageEffects":false,"showParticleSystems":false},"in2DMode":false,"pivot":{"x":1717.5936279296875,"y":1528.187744140625,"z":810.36767578125},"rotation":{"x":0.017285671085119249,"y":-0.018182804808020593,"z":-0.00031519209733232856,"w":-0.9996852278709412},"size":5452.62255859375,"orthographic":false}