{"cameraMode":{"drawMode":0,"name":"Shaded","section":"Shading Mode"},"sceneLighting":false,"audioPlay":false,"sceneViewState":{"showFog":false,"showMaterialUpdate":false,"showSkybox":false,"showFlares":false,"showImageEffects":false,"showParticleSystems":false},"in2DMode":false,"pivot":{"x":20.395254135131837,"y":-1.2906579971313477,"z":85.90727996826172},"rotation":{"x":0.3295349180698395,"y":0.0004674000374507159,"z":-0.00016265297017525882,"w":0.9441432356834412},"size":488.4972839355469,"orthographic":false}