{"cameraMode":{"drawMode":0,"name":"Shaded","section":"Shading Mode"},"sceneLighting":false,"audioPlay":false,"sceneViewState":{"showFog":false,"showMaterialUpdate":false,"showSkybox":false,"showFlares":false,"showImageEffects":false,"showParticleSystems":false},"in2DMode":false,"pivot":{"x":-0.8966388702392578,"y":1.4263648986816407,"z":15.211002349853516},"rotation":{"x":-0.09937712550163269,"y":0.8911997675895691,"z":-0.23689663410186768,"w":-0.3738546073436737},"size":54.560237884521487,"orthographic":false}