{"cameraMode":{"drawMode":0,"name":"Shaded","section":"Shading Mode"},"sceneLighting":false,"audioPlay":false,"sceneViewState":{"showFog":false,"showMaterialUpdate":false,"showSkybox":false,"showFlares":false,"showImageEffects":false,"showParticleSystems":false},"in2DMode":false,"pivot":{"x":-14.457387924194336,"y":222.45095825195313,"z":-45.881195068359378},"rotation":{"x":0.37444213032722475,"y":-0.007885969243943692,"z":0.0031849995721131565,"w":0.927211344242096},"size":463.8034973144531,"orthographic":false}