{"cameraMode":{"drawMode":0,"name":"Shaded","section":"Shading Mode"},"sceneLighting":false,"audioPlay":false,"sceneViewState":{"showFog":false,"showMaterialUpdate":false,"showSkybox":false,"showFlares":false,"showImageEffects":false,"showParticleSystems":false},"in2DMode":false,"pivot":{"x":33.11928939819336,"y":91.1911392211914,"z":0.2774356007575989},"rotation":{"x":-0.09615544974803925,"y":0.011045603081583977,"z":-0.0010669516632333398,"w":-0.995304524898529},"size":463.8034973144531,"orthographic":false}